{
    "type": "origins:multiple",
    "exhaust":{
        "type": "apoli:action_over_time",
        "entity_action": {
            "type": "origins:exhaust",
            "amount": 0.05
        },
        "interval": 5
    },
    "water_hurts":{
        "type": "origins:damage_over_time",
        "interval": 20,
        "onset_delay": 1,
        "damage": 5,
        "damage_easy": 2,
        "damage_source": {
          "name": "hurt_by_water",
          "unblockable": true,
          "bypasses_armor": true
        },
        "condition": {
          "type": "origins:or",
          "conditions": [
            {
              "type": "origins:fluid_height",
              "fluid": "minecraft:water",
              "comparison": ">",
              "compare_to": 0.0
            },
            {
              "type": "origins:in_rain"
            }
          ]
        }
    }
}