{
    "type": "origins:multiple",
    "heat_go_down":{
        "type": "origins:action_over_time",
        "entity_action": {
            "type": "origins:change_resource",
            "resource": "*:heat_bar_resource",
            "change": -10
        },
        "interval": 1
    },
    "armor":{
        "type": "origins:attribute",
        "modifiers": [
            {
                "attribute": "minecraft:generic.armor",
                "operation":"addition",
                "value": 8
            },
            {
                "attribute": "minecraft:generic.armor_toughness",
                "operation":"addition",
                "value": 12
            },
            {
                "attribute": "minecraft:generic.knockback_resistance",
                "operation":"addition",
                "value": 4
            }
        ]
    }
}