{
    "display": {
        "icon": {
            "item": "minecraft:elytra"
        },
        "title": "Stickems 20V 2000 SuperLauncher: Avali edition (We are not responsible for death, severe injury, or customer dissatisfaction. Suck our collective cocks.)",
        "description": {
            "text": "With honey and lightning rods, you've managed to make the best you can with your resources! Now, you can go even higher! [Activate with Primary, which is currently bound to ",
            "extra": [
                {
                    "keybind": "key.origins.primary_active"
                },
                {
                    "text": "]"
                }
            ]
        },
        "frame": "challenge",
        "show_toast": true,
        "announce_to_chat": false
    },
    "parent": "avali:wings1",
    "criteria": {
        "requirement": {
            "trigger": "minecraft:impossible"
        }
    }
}
