{
    "display": {
        "icon": {
            "item": "minecraft:amethyst_block"
        },
        "title": "AvalonWerks 2000 8V Cooler",
        "description": "Now that you have some basic internal cybernetics, you can resist higher tempatures! You still can't eat veggies, though...",
        "frame": "challenge",
        "show_toast": false,
        "announce_to_chat": false
    },
    "parent": "avali:fuckin_hell/root",
    "criteria": {
        "reqirement": {
            "trigger": "minecraft:recipe_unlocked",
            "conditions": {
                "recipe": "avali:core1"
            }
        }
    },
    "rewards": {
        "function": "avali:clear_book"
    }
}
