{
    "display": {
        "icon": {
            "item": "minecraft:lantern"
        },
        "title": "Wargone 9100 8V Anti-Darkness optical implants",
        "description": "Top of the notch sight, doesn't get any better than this!",
        "frame": "challenge",
        "show_toast": false,
        "announce_to_chat": false
    },
    "parent": "avali:fuckin_hell/root",
    "criteria": {
        "reqirement": {
            "trigger": "minecraft:recipe_unlocked",
            "conditions": {
                "recipe": "avali:legs1"
            }
        }
    },
    "rewards": {
        "function": "avali:clear_book"
    }
}
