{
    "display": {
        "icon": {
            "item": "minecraft:piston"
        },
        "title": "PistonWerks V4 2000 Arm Boosters: Avali edition",
        "description": "With piston-powered arms, you can give yourself a nice boost into the air! Just remember to spread your wings once in the air...",
        "frame": "challenge",
        "show_toast": false,
        "announce_to_chat": false
    },
    "parent": "avali:fuckin_hell/root",
    "criteria": {
        "reqirement": {
            "trigger": "minecraft:recipe_unlocked",
            "conditions": {
                "recipe": "avali:wings1"
            }
        }
    },
    "rewards": {
        "function": "avali:clear_book"
    }
}
