{
    "type": "origins:multiple",
    "fly":{
        "type": "origins:creative_flight"
    },
    "no_entity":{
        "type": "apoli:prevent_entity_use"
    },
    "no_use":{
        "type": "apoli:prevent_being_used"
    },
    "no_block":{
        "type": "apoli:prevent_block_use",
        "block_condition": {
            "type": "origins:constant",
            "value": true
        }
    },
    "phase":{
        "type": "origins:phasing"
    },
    "invulnerable":{
        "type": "origins:invulnerability",
        "damage_condition": {
            "type": "origins:constant",
            "value": true
        }
    },
    "invisible":{
        "type": "origins:invisibility",
        "render_armor": false
    }
}