{
    "display": {
        "icon": {
            "item": "minecraft:amethyst_block"
        },
        "title": "AvalonWerks 2000 8V Cooler",
        "description": "Now that you have some basic internal cybernetics, you can resist higher tempatures! You still can't eat veggies, though...",
        "frame": "challenge",
        "show_toast": false,
        "announce_to_chat": false
    },
    "parent": "avali:core0",
    "criteria": {
        "requirement": {
            "trigger": "minecraft:impossible"
        }
    }
}
