{
    "display": {
        "icon": {
            "item": "minecraft:ender_pearl"
        },
        "title": "Reality-warpers Tele-blink legs",
        "description": "These enhancements allow you to teleport through walls, in the air, and just about anywhere! Just make sure you tele somewhere safe...",
        "frame": "challenge",
        "show_toast": false,
        "announce_to_chat": false
    },
    "parent": "avali:legs1",
    "criteria": {
        "requirement": {
            "trigger": "minecraft:impossible"
        }
    }
}