{
    "display": {
        "icon": {
            "item": "minecraft:leather_boots"
        },
        "title": "Basic avali legs",
        "description": "Pitter patter pitter patter, these legs'll get you places! They could go farther if you gave 'em some juice though...",
        "frame": "goal",
        "show_toast": false,
        "announce_to_chat": false
    },
    "parent": "avali:root",
    "criteria": {
        "requirement": {
            "trigger": "minecraft:impossible"
        }
    }
}
