{
    "display": {
        "icon": {
            "item": "minecraft:skeleton_skull"
        },
        "title": "ERR ERR ERR",
        "description": "What the actual f*ck is wrong with you. Unless you're on easy, you literally cant step in water now and you overheat increadibly easally",
        "frame": "task",
        "show_toast": false,
        "announce_to_chat": false,
        "hidden": true
    },
    "criteria": {
        "requirement": {
            "trigger": "minecraft:impossible"
        }
    },
    "parent": "avali:uhoh3"
}