{
    "display": {
        "icon": {
            "item": "minecraft:rotten_flesh"
        },
        "title": "SYSWARN: ENERGY_LOW",
        "description": "Seems like your cybernetics are putting quite the strain on your energy... you're feeling more hungry more often.",
        "frame": "task",
        "show_toast": false,
        "announce_to_chat": false,
        "hidden": true
    },
    "criteria": {
        "requirement": {
            "trigger": "minecraft:impossible"
        }
    },
    "parent": "avali:root"
}