{
    "display": {
        "icon": {
            "item": "minecraft:lightning_rod"
        },
        "title": "WrilyStud Incorperated V3 Lasor Arm armstrong modification",
        "description": {
            "text": "New laser technology out! Get yours today and shoot EVERYTHING with dope-ass lasers!"
        },
        "frame": "challenge",
        "show_toast": true,
        "announce_to_chat": false
    },
    "parent": "avali:wings1",
    "criteria": {
        "requirement": {
            "trigger": "minecraft:impossible"
        }
    }
}
