{
    "display": {
        "icon": {
            "item": "minecraft:feather"
        },
        "title": "Basic avali arms",
        "description": "Average Avali arms. Basic gliding is all these things allow, but cybernetics could make them better...",
        "frame": "goal",
        "show_toast": false,
        "announce_to_chat": false
    },
    "parent": "avali:root",
    "criteria": {
        "requirement": {
            "trigger": "minecraft:impossible"
        }
    }
}
