{
    "type": "origins:multiple",
    "vibrate":{
        "type": "eggolib:game_event_listener",
        "bientity_action": {
            "type": "origins:actor_action",
            "action":{
                "type": "origins:grant_power",
                "source": "*:i_can_hear_you_vibrate",
                "power": "avali:glowing"
            }
        }
    },
    "glow":{
        "type": "origins:entity_glow",
        "entity_condition": {
            "type": "origins:and",
            "conditions": [
                {
                    "type": "origins:power_active",
                    "power": "avali:glowing"
                },
                {
                    "type": "origins:living"
                }
            ]
        }
    },
    "toggle_ears":{
        "type": "origins:toggle",
        "key": "key.origins.secondary_active",
        "active_by_default": true
    }
}