{
    "type": "origins:multiple",
    "add_pack": {
        "type": "origins:active_self",
        "key": {
            "key": "key.saveToolbarActivator"
        },
        "entity_action": {
            "type": "origins:raycast",
            "distance": 16,
            "command_at_hit": "execute if entity @e[distance=..2, type=player] at @p run function avali:ask_join"
        },
        "condition": {
            "type": "origins:scoreboard",
            "objective": "avali_pack_member_counter",
            "compare_to": 6,
            "comparison": "<"
        }
    },
    "pack_near":{
        "type":"origins:simple"
    },

    "pack_member_leave":{
        "type":"origins:simple"
    },
    "pack_id_init":{
        "type":"origins:action_on_callback",
        "entity_action_gained": {
            "type":"origins:execute_command",
            "command": "function avali:pack_init"
        }
    }
}