{
    "type": "origins:attribute",
    "modifiers": [
        {
            "attribute": "minecraft:generic.max_health",
            "operation": "multiply_total",
            "value": -0.1
        },
        {
            "attribute": "minecraft:generic.attack_damage",
            "operation":"multiply_total",
            "value": -0.1
        },
        {
            "attribute": "minecraft:generic.movement_speed",
            "operation":"multiply_total",
            "value": -0.1
        }
    ]
}