{
    "type": "origins:multiple",
    "size":{
        "type": "extraorigins:modify_size",
        "scale": 0.67
    },
    "attribute":{
        "type": "origins:attribute",
        "modifiers": [
            {
                "attribute": "minecraft:generic.max_health",
                "operation": "multiply_base",
                "value": -0.5
            },
            {
                "attribute": "minecraft:generic.attack_damage",
                "operation":"multiply_base",
                "value": -0.2
            },
            {
                "attribute": "minecraft:generic.movement_speed",
                "operation":"multiply_base",
                "value": 0.2
            }
        ]
    },
    "no_armor":{
        "type": "origins:restrict_armor",
        "head": {
            "type": "origins:armor_value",
            "comparison": ">",
            "compare_to": 2
        },
        "chest": {
            "type": "origins:armor_value",
            "comparison": ">",
            "compare_to": 5
        },
        "legs": {
            "type": "origins:armor_value",
            "comparison": ">",
            "compare_to": 4
        },
        "feet": {
            "type": "origins:armor_value",
            "comparison": ">",
            "compare_to": 1
        }
    },
    "name":"Smaller",
    "description": "You're as small as a dime, cute as a button! Sadly, this comes with some... downgrades in your physical ablitys. Nothing that your pack and some cybernetics can't help with!"
}