{
    "type": "origins:simple",
    "badges": [
        {
            "type": "origins:crafting_recipe",
            "suffix": "Core upgrade 1",
            "sprite": "origins:textures/gui/badge/info.png",
            "recipe": {
                "id": "avali:eyes1",
                "type": "minecraft:crafting_shaped",
                "pattern": [
                    "$%$",
                    "%^%",
                    "$%$"
                ],
                "key": {
                    "$":{
                        "item": "minecraft:snowball"
                    },
                    "%":{
                        "item": "minecraft:copper_ingot"
                    },
                    "^":{
                        "item": "minecraft:powder_snow_bucket"
                    }
                },
                "result":{
                    "item": "minecraft:knowledge_book"
                }
            }
        },
        {
            "type": "origins:crafting_recipe",
            "suffix": "Core upgrade 2",
            "sprite": "origins:textures/gui/badge/info.png",
            "recipe": {
                "id": "avali:eyes2",
                "type": "minecraft:crafting_shaped",
                "pattern": [
                    "$%$",
                    "%^%",
                    "$%$"
                ],
                "key": {
                    "$":{
                        "item": "minecraft:blue_ice"
                    },
                    "%":{
                        "item": "minecraft:echo_shard"
                    },
                    "^":{
                        "item": "minecraft:netherite_ingot"
                    }
                },
                "result":{
                    "item": "minecraft:knowledge_book"
                }
            }
        }
    ],
    "name": "Core Cybernetics",
    "description": "Enhance your heart and core to allow you to resist areas of increased heat."
}