{
    "type": "origins:conditioned_attribute",
    "condition": {
		"type": "origins:block_in_radius",
		"block_condition": {
			"type": "origins:and",
			"conditions": [
				{
					"type": "origins:block",
					"block": "minecraft:jukebox"
				},
				{
					"type": "origins:block_state",
					"property": "has_record",
					"value": true
				}
			]
		},
		"radius": 10,
		"shape": "sphere",
		"comparison": ">=",
		"compare_to": 1
	},
    "modifiers": [
        {
            "attribute": "minecraft:generic.attack_damage",
            "operation":"multiply_total",
            "value": 0.5
        },
        {
            "attribute": "minecraft:generic.movement_speed",
            "operation":"multiply_total",
            "value": 0.1
        },
        {
            "attribute": "additionalentityattributes:dig_speed",
            "operation":"multiply_total",
            "value": 1
        }
    ],
	"name": "Musical",
	"description": "Like all Avali, you love music! So much so, that it helps you work harder, and get more done!"
}