{
    "type": "origins:simple",
    "badges": [
        {
            "type": "origins:crafting_recipe",
            "suffix": "Legs upgrade 1",
            "sprite": "origins:textures/gui/badge/info.png",
            "recipe": {
                "id": "avali:eyes1",
                "type": "minecraft:crafting_shaped",
                "pattern": [
                    "# #",
                    "$ $",
                    "% %"
                ],
                "key": {
                    "#":{
                        "item": "minecraft:redstone_torch"
                    },
                    "$":{
                        "item": "minecraft:piston"
                    },
                    "%":{
                        "item": "minecraft:slime_block"
                    }
                },
                "result":{
                    "item": "minecraft:knowledge_book"
                }
            }
        },
        {
            "type": "origins:crafting_recipe",
            "suffix": "Legs upgrade 2",
            "sprite": "origins:textures/gui/badge/info.png",
            "recipe": {
                "id": "avali:eyes2",
                "type": "minecraft:crafting_shaped",
                "pattern": [
                    "# #",
                    "$ $",
                    "% %"
                ],
                "key": {
                    "#":{
                        "item": "minecraft:phantom_membrane"
                    },
                    "$":{
                        "item": "minecraft:echo_shard"
                    },
                    "%":{
                        "item": "minecraft:ender_pearl"
                    }
                },
                "result":{
                    "item": "minecraft:knowledge_book"
                }
            }
        }
    ],
    "name": "Leg Cybernetics",
    "description": "Upgrade your legs to increase your mobility!"
}