{
    "type": "origins:multiple",
    "name": "Cybernetic Select",
    "description": "Press secondary to switch between your cybernetic abilitys!",
    "active":{
        "key": {
            "key": "key.origins.secondary_active"
        },
        "cooldown": 1,
        "type": "origins:active_self",
        "entity_action": {
            "type": "origins:if_else_list",
            "actions": [
                {
                    "action": {
                        "type": "origins:execute_command",
                        "command": "function avali:give_abilitys/legs1"
                    },
                    "condition": {
                        "type": "origins:or",
                        "conditions": [
                            {
                                "type": "origins:and",
                                "conditions": [
                                    {
                                        "type": "origins:advancement",
                                        "advancement": "avali:wings2"
                                    },
                                    {
                                        "type": "origins:advancement",
                                        "advancement": "avali:legs1"
                                    },
                                    {
                                        "type": "origins:power",
                                        "power": "avali:cybernetics/abilitys/wings2"
                                    }
                                ]
                            },
                            {
                                "type": "origins:and",
                                "conditions": [
                                    {
                                        "type": "origins:advancement",
                                        "advancement": "avali:wings2",
                                        "inverted": true
                                    },
                                    {
                                        "type": "origins:advancement",
                                        "advancement": "avali:legs1"
                                    },
                                    {
                                        "type": "origins:advancement",
                                        "advancement": "avali:wings1"
                                    },
                                    {
                                        "type": "origins:power",
                                        "power": "avali:cybernetics/abilitys/wings1"
                                    }
                                ]
                            },
                            {
                                "type": "origins:and",
                                "conditions": [
                                    {
                                        "type": "origins:advancement",
                                        "advancement": "avali:wings2",
                                        "inverted": true
                                    },
                                    {
                                        "type": "origins:advancement",
                                        "advancement": "avali:legs1"
                                    },
                                    {
                                        "type": "origins:advancement",
                                        "advancement": "avali:wings1",
                                        "inverted": true
                                    },
                                    {
                                        "type": "origins:advancement",
                                        "advancement": "avali:legs2"
                                    },
                                    {
                                        "type": "origins:power",
                                        "power": "avali:cybernetics/abilitys/legs2"
                                    }
                                ]
                            },
                            {
                                "type": "origins:and",
                                "conditions": [
                                    {
                                        "type": "origins:advancement",
                                        "advancement": "avali:wings2",
                                        "inverted": true
                                    },
                                    {
                                        "type": "origins:advancement",
                                        "advancement": "avali:legs1"
                                    },
                                    {
                                        "type": "origins:advancement",
                                        "advancement": "avali:wings1",
                                        "inverted": true
                                    },
                                    {
                                        "type": "origins:advancement",
                                        "advancement": "avali:legs2",
                                        "inverted": true
                                    },
                                    {
                                        "type": "origins:power",
                                        "power": "avali:cybernetics/abilitys/legs1",
                                        "inverted": true
                                    }
                                ]
                            }
                        ]
                    }
                },

                {
                    "action": {
                        "type": "origins:execute_command",
                        "command": "function avali:give_abilitys/legs2"
                    },
                    "condition": {
                        "type": "origins:and",
                        "conditions": [
                            {
                                "type": "origins:advancement",
                                "advancement": "avali:legs1"
                            },
                            {
                                "type": "origins:advancement",
                                "advancement": "avali:legs2"
                            },
                            {
                                "type": "origins:power",
                                "power": "avali:cybernetics/abilitys/legs1"
                            }
                        ]
                    }
                },


                {
                    "action": {
                        "type": "origins:execute_command",
                        "command": "function avali:give_abilitys/wings1"
                    },
                    "condition": {
                        "type": "origins:or",
                        "conditions": [
                            {
                                "type": "origins:and",
                                "conditions": [
                                    {
                                        "type": "origins:advancement",
                                        "advancement": "avali:legs2"
                                    },
                                    {
                                        "type": "origins:advancement",
                                        "advancement": "avali:wings1"
                                    },
                                    {
                                        "type": "origins:power",
                                        "power": "avali:cybernetics/abilitys/legs2"
                                    }
                                ]
                            },
                            {
                                "type": "origins:and",
                                "conditions": [
                                    {
                                        "type": "origins:advancement",
                                        "advancement": "avali:legs2",
                                        "inverted": true
                                    },
                                    {
                                        "type": "origins:advancement",
                                        "advancement": "avali:wings1"
                                    },
                                    {
                                        "type": "origins:advancement",
                                        "advancement": "avali:legs1"
                                    },
                                    {
                                        "type": "origins:power",
                                        "power": "avali:cybernetics/abilitys/legs1"
                                    }
                                ]
                            },
                            {
                                "type": "origins:and",
                                "conditions": [
                                    {
                                        "type": "origins:advancement",
                                        "advancement": "avali:legs2",
                                        "inverted": true
                                    },
                                    {
                                        "type": "origins:advancement",
                                        "advancement": "avali:wings1"
                                    },
                                    {
                                        "type": "origins:advancement",
                                        "advancement": "avali:legs1",
                                        "inverted": true
                                    },
                                    {
                                        "type": "origins:advancement",
                                        "advancement": "avali:wings2"
                                    },
                                    {
                                        "type": "origins:power",
                                        "power": "avali:cybernetics/abilitys/wings2"
                                    }
                                ]
                            },
                            {
                                "type": "origins:and",
                                "conditions": [
                                    {
                                        "type": "origins:advancement",
                                        "advancement": "avali:legs2",
                                        "inverted": true
                                    },
                                    {
                                        "type": "origins:advancement",
                                        "advancement": "avali:wings1"
                                    },
                                    {
                                        "type": "origins:advancement",
                                        "advancement": "avali:legs1",
                                        "inverted": true
                                    },
                                    {
                                        "type": "origins:advancement",
                                        "advancement": "avali:wings2",
                                        "inverted": true
                                    },
                                    {
                                        "type": "origins:power",
                                        "power": "avali:cybernetics/abilitys/wings1",
                                        "inverted": true
                                    }
                                ]
                            }
                        ]
                    }
                },

                {
                    "action": {
                        "type": "origins:execute_command",
                        "command": "function avali:give_abilitys/wings2"
                    },
                    "condition": {
                        "type": "origins:and",
                        "conditions": [
                            {
                                "type": "origins:advancement",
                                "advancement": "avali:wings1"
                            },
                            {
                                "type": "origins:advancement",
                                "advancement": "avali:wings2"
                            },
                            {
                                "type": "origins:power",
                                "power": "avali:cybernetics/abilitys/wings1"
                            }
                        ]
                    }
                }
            ]
        }
    }
}