{
    "display": {
        "icon": {
            "item": "minecraft:echo_shard"
        },
        "title": "Vegalon Technologys 8000 12V Vegie Digest Advanced cooling system",
        "description": "Now you have no need to worry about the hot! Not only that, you're able to digest your veggies! would you look at that!",
        "frame": "challenge",
        "show_toast": false,
        "announce_to_chat": false
    },
    "parent": "avali:fuckin_hell/root",
    "criteria": {
        "reqirement": {
            "trigger": "minecraft:recipe_unlocked",
            "conditions": {
                "recipe": "avali:core2"
            }
        }
    },
    "rewards": {
        "function": "avali:clear_book"
    }
}
